name;attack;base_egg_steps;base_happiness;capture_rate;defense;experience_growth;height_m;hp;sp_attack;sp_defense;speed;weight_kg;generation;is_legendary
Vulpix;41;5120;70;190;40;1000000;,6;38;50;65;65;9,9;1;0
Ninetales;67;5120;70;75;75;1000000;1,1;73;81;100;109;19,9;1;0
Diglett;55;5120;70;255;30;1000000;,2;10;35;45;90;,8;1;0
Dugtrio;100;5120;70;50;60;1000000;,7;35;50;70;110;33,3;1;0
Meowth;35;5120;70;255;35;1000000;,4;40;50;40;90;4,2;1;0
Persian;60;5120;70;90;60;1000000;1;65;75;65;115;32;1;0
Geodude;80;3840;70;255;100;1059860;,4;40;30;30;20;20;1;0
Graveler;95;3840;70;120;115;1059860;1;55;45;45;35;105;1;0
Golem;120;3840;70;45;130;1059860;1,4;80;55;65;45;300;1;0
Grimer;80;5120;70;190;50;1000000;,9;80;40;50;25;30;1;0
Muk;105;5120;70;75;75;1000000;1,2;105;65;100;50;30;1;0
Exeggutor;105;5120;70;45;85;1250000;2;95;125;75;45;120;1;0
Marowak;80;5120;70;75;110;1000000;1;60;50;80;45;45;1;0
Hoopa;160;30720;100;3;60;1250000;,5;80;170;130;80;9;6;1
Lycanroc;115;3840;70;90;75;1000000;,8;85;55;75;82;25;7;0
Joltik;47;5120;70;190;50;1000000;,1;50;57;50;65;,6;5;0
Flabébé;38;5120;70;225;39;1000000;,1;44;61;79;42;,1;6;0
Cutiefly;45;5120;70;190;40;1000000;,1;40;55;40;84;,2;7;0
Comfey;52;5120;70;60;90;800000;,1;51;82;110;100;,3;7;0
Cosmoem;29;30720;0;45;131;1250000;,1;43;29;131;37;999,9;7;1
Natu;50;5120;70;190;45;1000000;,2;40;70;45;70;2;2;0
Azurill;20;2560;70;150;40;800000;,2;50;20;40;20;2;3;0
Budew;30;5120;70;255;35;1059860;,2;40;50;70;55;1,2;4;0
Burmy;29;3840;70;120;45;1000000;,2;40;29;45;36;3,4;4;0
Chingling;30;6400;70;120;50;800000;,2;45;65;50;45;,6;4;0
Shaymin;103;30720;100;45;75;1059860;,2;100;120;75;127;2,1;4;1
Foongus;55;5120;70;190;45;1000000;,2;69;55;55;15;1;5;0
Tynamo;55;5120;70;190;40;1250000;,2;35;45;40;60;,3;5;0
Floette;65;5120;70;120;67;1000000;,2;74;125;128;92;,9;6;0
Spritzee;52;5120;70;200;60;1000000;,2;78;63;65;23;,5;6;0
Dedenne;58;5120;70;180;57;1000000;,2;67;81;67;101;2,2;6;0
Klefki;80;5120;70;75;91;800000;,2;57;80;87;75;3;6;0
Ribombee;55;5120;70;75;60;1000000;,2;60;95;70;124;,5;7;0
Wishiwashi;140;3840;70;60;130;800000;,2;45;140;135;30;,3;7;0
Morelull;35;5120;70;190;55;1000000;,2;40;65;75;15;1,5;7;0
Mimikyu;90;5120;70;45;80;1000000;,2;55;50;105;96;,7;7;0
Cosmog;29;30720;0;45;31;1250000;,2;43;29;31;37;,1;7;1
Caterpie;30;3840;70;255;35;1000000;,3;45;20;20;45;2,9;1;0
Weedle;35;3840;70;255;30;1000000;,3;40;20;20;50;3,2;1;0
Pidgey;45;3840;70;255;40;1059860;,3;40;35;35;56;1,8;1;0
Rattata;56;3840;70;255;35;1000000;,3;30;25;35;72;3,5;1;0
Spearow;60;3840;70;255;30;1000000;,3;40;31;31;70;2;1;0
Paras;70;5120;70;190;55;1000000;,3;35;45;55;25;5,4;1;0
Magnemite;35;5120;70;190;70;1000000;,3;25;95;55;45;6;1;0
Shellder;65;5120;70;190;100;1250000;,3;30;45;25;40;4;1;0
Ditto;48;5120;70;35;48;1000000;,3;48;48;48;48;4;1;0
Eevee;55;8960;70;45;50;1000000;,3;55;45;65;55;6,5;1;0
Pichu;40;2560;70;190;15;1000000;,3;20;35;35;60;2;2;0
Cleffa;25;2560;140;150;28;800000;,3;50;45;55;15;3;2;0
Igglybuff;30;2560;70;170;15;800000;,3;90;40;20;15;1;2;0
Togepi;20;2560;70;190;65;800000;,3;35;40;65;20;1,5;2;0
Sunkern;30;5120;70;235;30;1059860;,3;30;30;30;30;1,8;2;0
Wurmple;45;3840;70;255;35;1000000;,3;45;20;30;20;3,6;3;0
Taillow;55;3840;70;200;30;1059860;,3;40;30;30;85;2,3;3;0
Roselia;60;5120;70;150;45;1059860;,3;50;100;80;65;2;3;0
Castform;70;6400;70;45;70;1000000;,3;70;70;70;70;,8;3;0
Jirachi;100;30720;100;3;100;1250000;,3;100;100;100;100;1,1;3;1
Starly;55;3840;70;255;30;1059860;,3;40;30;30;60;2;4;0
Kricketot;25;3840;70;255;41;1059860;,3;37;25;41;25;2,2;4;0
Combee;30;3840;70;120;42;1059860;,3;30;30;42;70;5,5;4;0
Shellos;48;5120;70;190;48;1000000;,3;76;57;62;34;6,3;4;0
Rotom;65;5120;70;45;107;1000000;,3;50;105;107;86;,3;4;0
Uxie;75;20480;140;3;130;1250000;,3;75;75;130;95;,3;4;1
Mesprit;105;20480;140;3;105;1250000;,3;80;105;105;80;,3;4;1
Azelf;125;20480;140;3;70;1250000;,3;75;125;70;115;,3;4;1
Manaphy;100;2560;70;3;100;1250000;,3;100;100;100;100;1,4;4;1
Pidove;55;3840;70;255;50;1059860;,3;50;36;30;43;2,1;5;0
Drilbur;85;5120;70;120;40;1000000;,3;60;30;45;68;8,5;5;0
Sewaddle;53;3840;70;255;70;1059860;,3;45;40;60;42;2,5;5;0
Cottonee;27;5120;70;190;60;1000000;,3;40;37;50;66;,6;5;0
Dwebble;65;5120;70;190;85;1000000;,3;50;35;35;55;14,5;5;0
Solosis;30;5120;70;200;40;1059860;,3;45;105;50;20;1;5;0
Klink;55;5120;70;130;70;1059860;,3;40;45;60;30;21;5;0
Litwick;30;5120;70;190;55;1059860;,3;50;65;55;20;3,1;5;0
Durant;109;5120;70;90;112;1000000;,3;58;48;48;109;33;5;0
Froakie;56;5120;70;45;40;1059860;,3;41;62;44;71;7;6;0
Fletchling;50;3840;70;255;43;1059860;,3;45;40;38;62;1,7;6;0
Scatterbug;35;3840;70;255;40;1000000;,3;38;27;25;35;2,5;6;0
Spewpa;22;3840;70;120;60;1000000;,3;45;27;30;29;8,4;6;0
Espurr;48;5120;70;190;54;1000000;,3;62;63;60;68;3,5;6;0
Carbink;50;6400;70;60;150;1250000;,3;50;50;150;50;5,7;6;0
Goomy;50;10240;35;45;35;1250000;,3;45;55;75;40;2,8;6;0
Rowlet;55;3840;70;45;55;1059860;,3;68;50;50;42;1,5;7;0
Pikipek;75;3840;70;255;30;1000000;,3;35;30;30;65;1,2;7;0
Dewpider;40;3840;70;200;52;1000000;,3;38;40;72;27;4;7;0
Fomantis;55;5120;70;190;35;1000000;,3;40;50;35;35;1,5;7;0
Bounsweet;30;5120;70;235;38;1059860;,3;42;30;38;32;3,2;7;0
Pyukumuku;60;3840;70;60;130;800000;,3;55;30;130;5;1,2;7;0
Minior;100;6400;70; ;60;1059860;,3;60;100;60;120;40;7;0
Togedemaru;98;2560;70;180;63;1000000;,3;65;40;73;96;3,3;7;0
Kartana;181;30720;0;255;131;1250000;,3;59;59;31;109;,1;7;1
Pikachu;55;2560;70;190;40;1000000;,4;35;50;50;90;6;1;0
Nidoran♀;47;5120;70;235;52;1059860;,4;55;40;40;41;7;1;0
Krabby;105;5120;70;225;90;1000000;,4;30;25;25;50;6,5;1;0
Exeggcute;40;5120;70;90;80;1250000;,4;60;60;45;40;2,5;1;0
Cubone;50;5120;70;190;95;1000000;,4;50;40;50;35;6,5;1;0
Horsea;40;5120;70;225;70;1000000;,4;30;70;25;60;8;1;0
Omanyte;40;7680;70;45;100;1000000;,4;35;90;55;35;7,5;1;0
Mew;100;30720;100;45;100;1059860;,4;100;100;100;100;4;1;1
Bellossom;80;5120;70;45;95;1059860;,4;75;90;100;50;5,8;2;0
Marill;20;2560;70;190;50;800000;,4;70;20;50;40;8,5;2;0
Hoppip;35;5120;70;255;40;1059860;,4;35;35;55;50;,5;2;0
Wooper;45;5120;70;255;45;1000000;,4;55;25;25;15;8,5;2;0
Swinub;50;5120;70;225;40;1250000;,4;50;30;30;50;6,5;2;0
Smoochum;30;6400;70;45;15;1000000;,4;45;85;65;65;6;2;0
Torchic;60;5120;70;45;40;1059860;,4;45;70;50;45;2,5;3;0
Mudkip;70;5120;70;45;50;1059860;,4;50;50;50;40;7,6;3;0
Zigzagoon;30;3840;70;255;41;1000000;,4;38;30;41;60;17,5;3;0
Ralts;25;5120;35;235;25;1250000;,4;28;45;35;40;6,6;3;0
Shroomish;40;3840;70;255;60;1640000;,4;60;40;60;35;4,5;3;0
Aron;70;8960;35;180;100;1250000;,4;50;40;40;30;60;3;0
Plusle;50;5120;70;200;40;1000000;,4;60;85;75;95;4,2;3;0
Minun;40;5120;70;200;50;1000000;,4;60;75;85;95;4,2;3;0
Gulpin;43;5120;70;225;53;1640000;,4;70;43;53;40;10,3;3;0
Cacnea;85;5120;35;190;40;1059860;,4;50;85;40;35;51,3;3;0
Swablu;40;5120;70;255;60;600000;,4;45;40;75;50;1,2;3;0
Barboach;48;5120;70;190;43;1000000;,4;50;46;41;60;1,9;3;0
Clamperl;64;5120;70;255;85;600000;,4;35;74;55;32;52,5;3;0
Turtwig;68;5120;70;45;64;1059860;,4;55;45;55;31;10,2;4;0
Piplup;51;5120;70;45;53;1059860;,4;53;61;56;40;5,2;4;0
Pachirisu;45;2560;100;200;70;1000000;,4;60;45;90;95;3,9;4;0
Cherubi;35;5120;70;190;45;1000000;,4;45;62;53;35;3,3;4;0
Drifloon;50;7680;70;125;34;1640000;,4;90;60;44;70;1,2;4;0
Buneary;66;5120;0;190;44;1000000;,4;55;44;56;85;5,5;4;0
Stunky;63;5120;70;225;47;1000000;,4;63;41;41;74;19,2;4;0
Finneon;49;5120;70;190;56;600000;,4;49;49;61;66;7;4;0
Phione;80;10240;70;30;80;1250000;,4;80;80;80;80;3,1;4;0
Victini;100;30720;100;3;100;1250000;,4;100;100;100;100;4;5;1
Lillipup;60;3840;70;255;45;1059860;,4;45;25;45;55;4,1;5;0
Purrloin;50;5120;70;255;37;1000000;,4;41;50;37;66;10,1;5;0
Roggenrola;75;3840;70;255;85;1059860;,4;55;25;25;15;18;5;0
Woobat;45;3840;70;190;43;1000000;,4;65;55;43;72;2,1;5;0
Venipede;45;3840;70;255;59;1059860;,4;30;30;39;57;5,3;5;0
Minccino;50;3840;70;255;40;800000;,4;55;40;40;75;5,8;5;0
Gothita;30;5120;70;200;50;1059860;,4;45;55;65;45;5,8;5;0
Vanillite;50;5120;70;255;50;1250000;,4;36;65;60;44;5,7;5;0
Emolga;75;5120;70;200;60;1000000;,4;55;75;60;103;5;5;0
Shelmet;40;3840;70;200;85;1000000;,4;50;40;65;25;7,7;5;0
Chespin;61;5120;70;45;65;1059860;,4;56;48;45;38;9;6;0
Fennekin;45;5120;70;45;40;1059860;,4;40;62;60;60;9,4;6;0
Bunnelby;36;3840;70;255;38;1000000;,4;38;32;36;57;5;6;0
Swirlix;48;5120;70;200;66;1000000;,4;62;59;57;49;3,5;6;0
Inkay;54;5120;70;190;53;1000000;,4;53;37;46;45;3,5;6;0
Phantump;70;5120;70;120;48;1000000;,4;43;50;60;38;7;6;0
Litten;65;3840;70;45;40;1059860;,4;45;60;40;70;4,3;7;0
Popplio;54;3840;70;45;54;1059860;,4;50;66;56;40;7,5;7;0
Yungoos;70;3840;70;255;30;1000000;,4;48;30;30;45;6;7;0
Grubbin;62;3840;70;255;45;1000000;,4;47;55;45;46;4,4;7;0
Mareanie;53;5120;70;190;62;1000000;,4;50;43;52;45;8;7;0
Komala;115;5120;70;45;65;1250000;,4;65;75;95;65;19,9;7;0
Squirtle;48;5120;70;45;65;1059860;,5;44;50;64;43;9;1;0
Nidoran♂;57;5120;70;235;40;1059860;,5;46;40;40;50;9;1;0
Jigglypuff;45;2560;70;170;20;800000;,5;115;45;25;20;5,5;1;0
Oddish;50;5120;70;255;55;1059860;,5;45;75;65;30;5,4;1;0
Mankey;80;5120;70;190;35;1000000;,5;40;35;45;70;28;1;0
Voltorb;30;5120;70;190;50;1000000;,5;40;55;55;100;10,4;1;0
Kabuto;80;7680;70;45;90;1000000;,5;30;55;45;55;11,5;1;0
Cyndaquil;52;5120;70;45;43;1059860;,5;39;60;50;65;7,9;2;0
Spinarak;60;3840;70;255;40;800000;,5;40;40;40;30;8,5;2;0
Chinchou;38;5120;70;190;38;1250000;,5;75;56;56;67;12;2;0
Murkrow;85;5120;35;30;42;1059860;,5;60;85;42;91;2,1;2;0
Unown;72;10240;70;225;48;1000000;,5;48;72;48;48;5;2;0
Qwilfish;95;5120;70;45;85;1000000;,5;65;55;55;85;3,9;2;0
Phanpy;60;5120;70;120;60;1000000;,5;90;40;40;40;33,5;2;0
Treecko;45;5120;70;45;35;1059860;,5;40;65;55;70;5;3;0
Poochyena;55;3840;70;255;35;1000000;,5;35;30;30;35;13,6;3;0
Linoone;70;3840;70;90;61;1000000;,5;78;50;61;100;32,5;3;0
Lotad;30;3840;70;255;30;1059860;,5;40;40;50;30;2,6;3;0
Seedot;40;3840;70;255;50;1059860;,5;40;30;30;30;4;3;0
Surskit;30;3840;70;200;32;1000000;,5;40;50;52;65;1,7;3;0
Nincada;45;3840;70;255;90;600000;,5;31;30;30;40;5,5;3;0
Sableye;85;6400;35;45;125;1059860;,5;50;85;115;20;11;3;0
Torkoal;85;5120;70;90;140;1000000;,5;70;85;70;20;80,4;3;0
Baltoy;40;5120;70;255;55;1000000;,5;40;40;70;55;21,5;3;0
Chimchar;58;5120;70;45;44;1059860;,5;44;58;44;61;6,2;4;0
Bidoof;45;3840;70;255;40;1000000;,5;59;35;40;31;20;4;0
Shinx;65;5120;70;235;34;1059860;,5;45;40;34;45;9,5;4;0
Shieldon;42;7680;70;45;118;600000;,5;30;42;88;30;57;4;0
Wormadam;69;3840;70;45;95;1000000;,5;60;69;95;36;6,5;4;0
Cherrim;60;5120;70;75;70;1000000;,5;70;87;78;85;9,3;4;0
Glameow;55;5120;70;190;42;800000;,5;49;42;37;85;3,9;4;0
Bronzor;24;5120;70;255;86;1000000;,5;57;24;86;23;60,5;4;0
Bonsly;80;5120;70;255;95;1000000;,5;50;10;45;10;15;4;0
Chatot;65;5120;35;30;45;1059860;,5;76;92;42;91;1,9;4;0
Tepig;63;5120;70;45;45;1059860;,5;65;45;45;45;9,9;5;0
Oshawott;55;5120;70;45;45;1059860;,5;55;63;45;45;5,9;5;0
Patrat;55;3840;70;255;39;1000000;,5;45;35;39;42;11,6;5;0
Tympole;50;5120;70;255;40;1059860;,5;50;50;40;64;4,5;5;0
Swadloon;63;3840;70;120;90;1059860;,5;55;50;80;42;7,3;5;0
Petilil;35;5120;70;190;50;1000000;,5;45;70;50;30;6,6;5;0
Yamask;30;6400;70;190;85;1000000;,5;38;55;65;30;1,5;5;0
Archen;112;7680;70;45;45;1000000;,5;55;74;45;70;9,5;5;0
Cinccino;95;3840;70;60;60;800000;,5;75;65;60;115;7,5;5;0
Ducklett;44;5120;70;190;50;1000000;,5;62;44;50;55;5,5;5;0
Karrablast;75;3840;70;200;45;1000000;,5;50;40;45;60;5,9;5;0
Elgyem;55;5120;70;255;55;1000000;,5;55;85;55;30;9;5;0
Cubchoo;70;5120;70;120;40;1000000;,5;55;60;40;40;8,5;5;0
Pawniard;85;5120;35;120;70;1000000;,5;45;40;40;60;10,2;5;0
Rufflet;83;5120;70;190;50;1250000;,5;70;37;50;60;10,5;5;0
Vullaby;55;5120;35;190;75;1250000;,5;70;45;65;60;9;5;0
Binacle;52;5120;70;120;67;1000000;,5;42;39;56;50;31;6;0
Skrelp;60;5120;70;225;60;1000000;,5;50;60;60;30;7,3;6;0
Clauncher;53;3840;70;225;62;1250000;,5;50;58;63;44;8,3;6;0
Helioptile;38;5120;70;190;33;1000000;,5;44;61;43;70;6;6;0
Noibat;30;5120;70;190;35;1000000;,5;40;45;40;55;8;6;0
Charjabug;82;3840;70;120;95;1000000;,5;57;55;75;36;10,5;7;0
Rockruff;65;3840;70;190;40;1000000;,5;45;30;40;60;9,2;7;0
Stufful;75;3840;70;140;50;1000000;,5;70;45;50;50;6,8;7;0
Wimpod;35;5120;70;90;40;1000000;,5;25;20;30;80;12;7;0
Sandygast;55;3840;70;140;80;1000000;,5;55;70;45;15;70;7;0
Charmander;52;5120;70;45;43;1059860;,6;39;60;50;65;8,5;1;0
Kakuna;25;3840;70;120;50;1000000;,6;45;25;25;35;10;1;0
Sandshrew;75;5120;70;255;90;1000000;,6;50;10;35;40;12;1;0
Clefairy;45;2560;140;150;48;800000;,6;70;60;65;35;7,5;1;0
Poliwag;50;5120;70;255;40;1059860;,6;40;40;40;90;12,4;1;0
Koffing;65;5120;70;190;95;1000000;,6;40;60;45;35;1;1;0
Goldeen;67;5120;70;225;60;1000000;,6;45;35;50;63;15;1;0
Totodile;65;5120;70;45;64;1059860;,6;50;44;48;43;9,5;2;0
Togetic;40;2560;70;75;85;800000;,6;55;80;105;40;3,2;2;0
Mareep;40;5120;70;235;40;1059860;,6;55;65;45;35;7,8;2;0
Skiploom;45;5120;70;120;50;1059860;,6;55;45;65;80;1;2;0
Pineco;65;5120;70;190;90;1000000;,6;50;35;35;15;7,2;2;0
Snubbull;80;5120;70;190;50;800000;,6;60;40;40;30;7,8;2;0
Shuckle;10;5120;70;190;230;1059860;,6;20;10;230;5;20,5;2;0
Teddiursa;80;5120;70;120;50;1000000;,6;60;50;50;40;8,8;2;0
Corsola;55;5120;70;60;95;800000;,6;65;65;95;35;5;2;0
Remoraid;65;5120;70;190;35;1000000;,6;35;65;35;65;12;2;0
Houndour;60;5120;35;120;30;1250000;,6;45;80;50;65;10,8;2;0
Porygon2;80;5120;70;45;90;1000000;,6;85;105;95;60;32,5;2;0
Elekid;63;6400;70;45;37;1000000;,6;45;65;55;95;23,5;2;0
Larvitar;64;10240;35;45;50;1250000;,6;50;45;50;41;72;2;0
Celebi;100;30720;100;45;100;1059860;,6;100;100;100;100;5;2;1
Silcoon;35;3840;70;120;55;1000000;,6;50;25;25;15;10;3;0
Wingull;30;5120;70;190;30;1000000;,6;40;55;30;85;9,5;3;0
Whismur;51;5120;70;190;23;1059860;,6;64;51;23;28;16,3;3;0
Skitty;45;3840;70;255;45;800000;,6;50;35;35;50;11;3;0
Mawile;105;5120;70;45;125;800000;,6;50;55;95;50;11,5;3;0
Meditite;40;5120;70;180;55;1000000;,6;30;40;55;60;11,2;3;0
Electrike;45;5120;70;120;40;1250000;,6;40;65;40;65;15,2;3;0
Illumise;47;3840;70;150;75;1640000;,6;65;73;85;85;17,7;3;0
Corphish;80;3840;70;205;65;1640000;,6;43;50;35;35;11,5;3;0
Feebas;15;5120;70;255;20;600000;,6;20;10;55;80;7,4;3;0
Shuppet;75;6400;35;225;35;800000;,6;44;63;33;45;2,3;3;0
Chimecho;50;6400;70;45;80;800000;,6;75;95;90;65;1;3;0
Wynaut;23;5120;70;125;48;1000000;,6;95;23;48;23;14;3;0
Luvdisc;30;5120;70;225;55;800000;,6;43;40;65;97;8,7;3;0
Bagon;75;10240;35;45;60;1250000;,6;45;40;30;50;42,1;3;0
Beldum;55;10240;35;3;80;1250000;,6;40;35;60;30;95,2;3;0
Staravia;75;3840;70;120;50;1059860;,6;55;40;40;80;15,5;4;0
Mime Jr.;25;6400;70;145;45;1000000;,6;20;70;90;60;13;4;0
Happiny;5;10240;140;130;5;800000;,6;100;15;65;30;24,4;4;0
Munchlax;85;10240;70;50;40;1250000;,6;135;40;85;5;105;4;0
Snivy;45;5120;70;45;55;1059860;,6;45;45;55;63;8,1;5;0
Pansage;53;5120;70;190;48;1000000;,6;50;53;48;64;10,5;5;0
Pansear;53;5120;70;190;48;1000000;,6;50;53;48;64;11;5;0
Panpour;53;5120;70;190;48;1000000;,6;50;53;48;64;13,5;5;0
Munna;25;2560;70;190;45;800000;,6;76;67;55;24;23,3;5;0
Tranquill;77;3840;70;120;62;1059860;,6;62;50;42;65;15;5;0
Timburr;80;5120;70;180;55;1059860;,6;75;25;35;35;12,5;5;0
Darumaka;90;5120;70;120;45;1059860;,6;70;15;45;50;37,5;5;0
Scraggy;75;3840;35;180;70;1000000;,6;50;35;70;48;11,8;5;0
Trubbish;50;5120;70;190;62;1000000;,6;50;40;62;65;31;5;0
Duosion;40;5120;70;100;50;1059860;,6;65;125;60;30;8;5;0
Deerling;60;5120;70;190;50;1000000;,6;60;40;50;75;19,5;5;0
Amoonguss;85;5120;70;75;70;1000000;,6;114;85;80;30;10,5;5;0
Ferroseed;50;5120;70;255;91;1000000;,6;44;24;86;10;18,8;5;0
Klang;80;5120;70;60;95;1059860;,6;60;70;85;50;51;5;0
Klinklang;100;5120;70;30;115;1059860;,6;60;70;85;90;81;5;0
Lampent;40;5120;70;90;60;1059860;,6;60;95;60;55;13;5;0
Axew;87;10240;35;75;60;1250000;,6;46;30;40;57;18;5;0
Meloetta;128;30720;100;3;90;1250000;,6;100;77;77;128;6,5;5;1
Frogadier;63;5120;70;45;52;1059860;,6;54;83;56;97;10,9;6;0
Litleo;50;5120;70;220;58;1059860;,6;62;73;54;72;13,5;6;0
Pancham;82;6400;70;220;62;1000000;,6;67;46;48;43;8;6;0
Meowstic;48;5120;70;75;76;1000000;,6;74;83;81;104;8,5;6;0
Brionne;69;3840;70;45;69;1059860;,6;60;91;81;50;17,5;7;0
Trumbeak;85;3840;70;120;50;1000000;,6;55;40;50;75;14,8;7;0
Crabrawler;82;5120;70;225;57;1000000;,6;47;42;47;63;7;7;0
Oricorio;70;5120;70;45;70;1000000;,6;75;98;70;93;3,4;7;0
Salandit;44;5120;70;120;40;1000000;,6;48;71;40;77;4,8;7;0
Jangmo-o;55;10240;70;45;65;1250000;,6;45;45;45;45;29,7;7;0
Bulbasaur;49;5120;70;45;49;1059860;,7;45;65;65;45;6,9;1;0
Metapod;20;3840;70;120;55;1000000;,7;50;25;25;30;9,9;1;0
Raticate;71;3840;70;127;70;1000000;,7;75;40;80;77;18,5;1;0
Growlithe;70;5120;70;190;45;1250000;,7;55;70;50;60;19;1;0
Bellsprout;75;5120;70;255;35;1059860;,7;50;70;30;40;4;1;0
Hoothoot;30;3840;70;255;30;1000000;,7;60;36;56;50;21,2;2;0
Misdreavus;60;6400;35;45;60;800000;,7;60;85;85;85;1;2;0
Slugma;40;5120;70;190;40;1000000;,7;40;70;40;20;35;2;0
Tyrogue;35;6400;70;75;35;1000000;,7;35;35;35;35;21;2;0
Magby;75;6400;70;45;37;1000000;,7;45;70;55;83;21,4;2;0
Marshtomp;85;5120;70;45;70;1059860;,7;70;60;70;50;28;3;0
Cascoon;35;3840;70;120;55;1000000;,7;50;25;25;15;11,5;3;0
Swellow;85;3840;70;45;60;1059860;,7;60;75;50;125;19,8;3;0
Volbeat;73;3840;70;150;75;600000;,7;65;47;85;85;17,7;3;0
Numel;60;5120;70;255;40;1000000;,7;60;65;45;35;24;3;0
Spoink;25;5120;70;255;35;800000;,7;60;70;80;60;30,6;3;0
Trapinch;100;5120;70;255;45;1059860;,7;45;45;45;10;15;3;0
Anorith;95;7680;70;45;50;600000;,7;45;40;50;75;12,5;3;0
Snorunt;50;5120;70;190;50;1000000;,7;50;50;50;50;16,8;3;0
Buizel;65;5120;70;190;35;1000000;,7;55;60;30;85;29,5;4;0
Gible;70;10240;70;45;45;1250000;,7;58;40;45;42;20,5;4;0
Riolu;70;6400;70;75;40;1059860;,7;40;35;40;60;20,2;4;0
Croagunk;61;2560;100;140;40;1000000;,7;48;61;40;50;23;4;0
Excadrill;135;5120;70;60;60;1000000;,7;110;50;65;88;40,4;5;0
Whimsicott;67;5120;70;75;85;1000000;,7;60;77;75;116;6,6;5;0
Sandile;72;5120;70;180;35;1059860;,7;50;35;35;65;15,2;5;0
Tirtouga;78;7680;70;45;103;1000000;,7;54;53;45;22;16,5;5;0
Zorua;65;6400;70;75;40;1059860;,7;40;80;40;65;12,5;5;0
Gothorita;45;5120;70;100;70;1059860;,7;60;75;85;55;18;5;0
Stunfisk;66;5120;70;75;84;1000000;,7;109;81;99;32;11;5;0
Quilladin;78;5120;70;45;95;1059860;,7;61;56;58;57;29;6;0
Fletchinder;73;3840;70;120;55;1059860;,7;62;56;52;84;16;6;0
Diancie;160;6400;70;3;110;1250000;,7;50;160;110;110;8,8;6;1
Dartrix;75;3840;70;45;75;1059860;,7;78;70;70;52;16;7;0
Torracat;85;3840;70;45;50;1059860;,7;65;80;50;90;25;7;0
Gumshoos;110;3840;70;127;60;1000000;,7;88;55;60;45;14,2;7;0
Toxapex;63;5120;70;75;152;1000000;,7;50;53;142;35;14,5;7;0
Steenee;40;5120;70;120;48;1059860;,7;52;40;48;62;8,2;7;0
Raichu;85;2560;70;75;50;1000000;,8;60;95;85;110;30;1;0
Nidorina;62;5120;70;120;67;1059860;,8;70;55;55;56;20;1;0
Zubat;45;3840;70;255;35;1000000;,8;40;30;40;55;7,5;1;0
Gloom;65;5120;70;120;70;1059860;,8;60;85;75;40;8,6;1;0
Psyduck;52;5120;70;190;48;1000000;,8;50;65;50;55;19,6;1;0
Machop;80;5120;70;180;50;1059860;,8;70;35;35;35;19,5;1;0
Farfetch'd;90;5120;70;45;55;1000000;,8;52;58;62;60;15;1;0
Staryu;45;5120;70;225;55;1250000;,8;30;70;55;85;34,5;1;0
Jolteon;65;8960;70;45;60;1000000;,8;65;110;95;130;24,5;1;0
Porygon;60;5120;70;45;70;1000000;,8;65;85;75;40;36,5;1;0
Sentret;46;3840;70;255;34;1000000;,8;35;35;45;20;6;2;0
Flaaffy;55;5120;70;120;55;1059860;,8;70;80;60;45;13,3;2;0
Azumarill;50;2560;70;75;80;800000;,8;100;60;80;50;28,5;2;0
Jumpluff;55;5120;70;45;70;1059860;,8;75;55;95;110;3;2;0
Aipom;70;5120;70;45;55;800000;,8;55;40;55;85;11,5;2;0
Sunflora;75;5120;70;120;55;1059860;,8;75;105;85;30;8,5;2;0
Magcargo;50;5120;70;75;120;1000000;,8;60;90;80;30;55;2;0
Kirlia;35;5120;35;120;35;1250000;,8;38;65;55;50;20,2;3;0
Masquerain;60;3840;70;75;62;1000000;,8;70;100;82;80;3,6;3;0
Slakoth;60;3840;70;255;60;1250000;,8;60;35;35;30;24;3;0
Ninjask;90;3840;70;120;45;600000;,8;61;50;50;160;12;3;0
Shedinja;90;3840;70;45;45;600000;,8;1;30;30;40;1,2;3;0
Carvanha;90;5120;35;225;20;1250000;,8;45;65;20;65;20,8;3;0
Duskull;40;6400;35;190;90;800000;,8;20;30;90;25;15;3;0
Spheal;40;5120;70;255;50;1059860;,8;70;55;50;25;39,5;3;0
Prinplup;66;5120;70;45;68;1059860;,8;64;81;76;50;23;4;0
Hippopotas;72;7680;70;140;78;1250000;,8;68;38;42;32;49,5;4;0
Skorupi;50;5120;70;120;90;1250000;,8;40;30;55;65;12;4;0
Glaceon;60;8960;35;45;110;1000000;,8;65;130;95;65;25,9;4;0
Servine;60;5120;70;45;75;1059860;,8;60;60;75;83;16;5;0
Dewott;75;5120;70;45;60;1059860;,8;75;83;60;60;24,5;5;0
Blitzle;60;5120;70;190;32;1000000;,8;45;50;32;76;29,8;5;0
Palpitoad;65;5120;70;120;55;1059860;,8;75;65;55;69;17;5;0
Galvantula;77;5120;70;75;60;1000000;,8;70;97;60;108;14,3;5;0
Accelgor;70;3840;70;75;40;1000000;,8;80;100;60;145;25,3;5;0
Deino;65;10240;35;45;50;1250000;,8;52;45;50;38;17,3;5;0
Honedge;80;5120;70;180;100;1000000;,8;45;35;37;28;2;6;0
Doublade;110;5120;70;90;150;1000000;,8;59;45;49;35;4,5;6;0
Aromatisse;72;5120;70;140;72;1000000;,8;101;99;89;29;15,5;6;0
Slurpuff;80;5120;70;140;86;1000000;,8;82;85;75;72;5;6;0
Tyrunt;89;7680;70;45;77;1000000;,8;58;45;45;48;26;6;0
Hawlucha;92;5120;70;100;75;1000000;,8;78;74;63;118;21,5;6;0
Sliggoo;75;10240;35;45;53;1250000;,8;68;83;113;60;17,5;6;0
Pumpkaboo;66;5120;70;120;70;1000000;,8;59;44;55;41;15;6;0
Nidorino;72;5120;70;120;57;1059860;,9;61;55;55;65;19,5;1;0
Abra;20;5120;70;200;15;1059860;,9;25;105;55;90;19,5;1;0
Tentacool;40;5120;70;190;35;1250000;,9;40;50;100;70;45,5;1;0
Magikarp;10;1280;70;255;55;1250000;,9;20;15;20;80;10;1;0
Flareon;130;8960;70;45;60;1000000;,9;65;95;110;65;25;1;0
Chikorita;49;5120;70;45;65;1059860;,9;45;49;65;45;6,4;2;0
Quilava;64;5120;70;45;58;1059860;,9;58;80;65;80;19;2;0
Espeon;65;8960;70;45;60;1000000;,9;65;130;95;110;26,5;2;0
Sneasel;95;5120;35;60;55;1059860;,9;55;35;75;115;28;2;0
Octillery;105;5120;70;75;75;1000000;,9;75;105;75;45;28,5;2;0
Delibird;55;5120;70;45;45;800000;,9;45;65;45;75;16;2;0
Grovyle;65;5120;70;45;45;1059860;,9;50;85;65;95;21,6;3;0
Combusken;85;5120;70;45;60;1059860;,9;60;85;60;55;19,5;3;0
Lairon;90;8960;35;90;140;1250000;,9;60;50;50;40;120;3;0
Grumpig;45;5120;70;60;65;800000;,9;80;90;110;80;71,5;3;0
Whiscash;78;5120;70;75;73;1000000;,9;110;76;71;60;23,6;3;0
Monferno;78;5120;70;45;52;1059860;,9;64;78;52;81;22;4;0
Luxio;85;5120;100;120;49;1059860;,9;60;60;49;60;30,5;4;0
Roserade;70;5120;70;75;65;1059860;,9;60;125;105;90;14,5;4;0
Cranidos;125;7680;70;45;40;600000;,9;67;30;30;58;31,5;4;0
Mothim;94;3840;70;45;50;1000000;,9;70;94;50;66;23,3;4;0
Gastrodon;83;5120;70;75;68;1000000;,9;111;92;82;39;29,9;4;0
Mismagius;60;6400;35;45;60;800000;,9;60;105;105;105;4,4;4;0
Honchkrow;125;5120;35;30;52;1059860;,9;100;105;52;71;27,3;4;0
Porygon-Z;80;5120;70;30;70;1000000;,9;85;135;75;90;34;4;0
Herdier;80;3840;70;120;65;1059860;,9;65;35;65;60;14,7;5;0
Boldore;105;3840;70;120;105;1059860;,9;70;50;40;20;102;5;0
Swoobat;57;3840;70;45;55;1000000;,9;67;77;55;114;10,5;5;0
Mienfoo;85;6400;70;180;50;1059860;,9;45;55;50;65;20;5;0
Skiddo;65;5120;70;200;48;1000000;,9;66;62;57;52;31;6;0
Lurantis;105;5120;70;75;90;1000000;,9;70;80;90;45;18,5;7;0
Bruxish;105;3840;70;80;70;1000000;,9;68;70;70;92;19;7;0
Ivysaur;62;5120;70;45;63;1059860;1;60;80;80;60;13;1;0
Wartortle;63;5120;70;45;80;1059860;1;59;65;80;58;22,5;1;0
Beedrill;150;3840;70;45;40;1000000;1;65;15;80;145;29,5;1;0
Sandslash;100;5120;70;90;120;1000000;1;75;25;65;65;29,5;1;0
Wigglytuff;70;2560;70;50;45;800000;1;140;85;50;45;12;1;0
Parasect;95;5120;70;75;80;1000000;1;60;60;80;30;29,5;1;0
Venonat;55;5120;70;190;50;1000000;1;60;40;55;45;30;1;0
Primeape;105;5120;70;75;60;1000000;1;65;60;70;95;32;1;0
Poliwhirl;65;5120;70;120;65;1059860;1;65;50;50;90;20;1;0
Weepinbell;90;5120;70;120;50;1059860;1;65;85;45;55;6,4;1;0
Ponyta;85;5120;70;190;55;1000000;1;50;65;65;90;30;1;0
Magneton;60;5120;70;60;95;1000000;1;50;120;70;70;60;1;0
Drowzee;48;5120;70;190;45;1000000;1;60;43;90;42;32,4;1;0
Rhyhorn;85;5120;70;120;95;1250000;1;80;30;30;25;115;1;0
Tangela;55;5120;70;45;115;1000000;1;65;100;40;60;35;1;0
Vaporeon;65;8960;70;45;60;1000000;1;130;110;95;65;29;1;0
Omastar;60;7680;70;45;125;1000000;1;70;115;70;55;35;1;0
Ledyba;20;3840;70;255;30;800000;1;40;40;80;55;10,8;2;0
Umbreon;65;8960;35;45;110;1000000;1;95;60;130;65;27;2;0
Mightyena;90;3840;70;127;70;1000000;1;70;60;60;70;37;3;0
Beautifly;70;3840;70;45;50;1000000;1;60;100;50;65;28,4;3;0
Nuzleaf;70;3840;70;120;40;1059860;1;70;60;40;60;28;3;0
Loudred;71;5120;70;120;43;1059860;1;84;71;43;48;40,5;3;0
Makuhita;60;5120;70;180;30;1640000;1;72;20;30;25;86,4;3;0
Nosepass;45;5120;70;255;135;1000000;1;30;45;90;30;97;3;0
Lunatone;55;6400;70;45;65;800000;1;90;95;85;70;168;3;0
Lileep;41;7680;70;45;77;600000;1;66;61;87;23;23,8;3;0
Kecleon;90;5120;70;200;70;1059860;1;60;60;120;40;22;3;0
Relicanth;90;10240;70;25;130;1250000;1;100;45;65;55;23,4;3;0
Bibarel;85;3840;70;127;60;1000000;1;79;55;60;71;31,5;4;0
Kricketune;85;3840;70;45;51;1059860;1;77;55;51;65;25,5;4;0
Purugly;82;5120;70;75;64;800000;1;71;64;59;112;43,8;4;0
Skuntank;93;5120;70;60;67;1000000;1;103;71;61;84;38;4;0
Spiritomb;92;7680;70;100;108;1000000;1;50;92;108;35;108;4;0
Mantyke;20;6400;70;25;50;1250000;1;45;60;120;50;65;4;0
Snover;62;5120;70;120;50;1250000;1;60;62;60;40;50,5;4;0
Leafeon;110;8960;35;45;130;1000000;1;65;60;65;95;25,5;4;0
Pignite;93;5120;70;45;55;1059860;1;90;70;55;55;55,5;5;0
Simisear;98;5120;70;75;63;1000000;1;75;98;63;101;28;5;0
Simipour;98;5120;70;75;63;1000000;1;75;98;63;101;29;5;0
Basculin;92;10240;70;25;65;1000000;1;70;80;55;98;18;5;0
Krokorok;82;5120;70;90;45;1059860;1;60;45;45;74;33,4;5;0
Maractus;86;5120;70;255;67;1000000;1;75;106;67;60;28;5;0
Reuniclus;65;5120;70;50;75;1059860;1;110;125;85;30;20,1;5;0
Escavalier;135;3840;70;75;105;1000000;1;70;60;105;20;33;5;0
Ferrothorn;94;5120;70;90;131;1000000;1;74;54;116;20;110;5;0
Beheeyem;75;5120;70;90;75;1000000;1;75;125;95;40;34,5;5;0
Chandelure;55;5120;70;45;90;1059860;1;60;145;90;80;34,3;5;0
Fraxure;117;10240;35;60;70;1250000;1;66;40;50;67;36;5;0
Golett;74;6400;70;190;50;1000000;1;59;35;50;35;92;5;0
Braixen;59;5120;70;45;58;1059860;1;59;90;70;73;14,5;6;0
Diggersby;56;3840;70;127;77;1000000;1;85;50;77;78;42,4;6;0
Heliolisk;55;5120;70;75;52;1000000;1;62;109;94;109;21;6;0
Sylveon;65;8960;70;45;65;1000000;1;95;110;130;60;23,5;6;0
Bergmite;69;5120;70;190;85;1000000;1;55;32;35;28;99,5;6;0
Mudbray;100;5120;70;190;70;1000000;1;70;45;55;45;110;7;0
Shiinotic;45;5120;70;75;80;1000000;1;60;90;100;30;11,5;7;0
Magearna;95;30720;0;3;115;1250000;1;80;130;115;65;80,5;7;1
Charmeleon;64;5120;70;45;58;1059860;1,1;58;80;65;80;19;1;0
Butterfree;45;3840;70;45;50;1000000;1,1;60;90;80;70;32;1;0
Pidgeotto;60;3840;70;120;55;1059860;1,1;63;50;50;71;30;1;0
Seel;45;5120;70;190;55;1000000;1,1;65;45;70;45;90;1;0
Chansey;5;10240;140;30;5;800000;1,1;250;35;105;50;34,6;1;0
Starmie;75;5120;70;60;85;1250000;1,1;60;100;85;115;80;1;0
Electabuzz;83;6400;70;45;57;1000000;1,1;65;95;85;105;30;1;0
Croconaw;80;5120;70;45;80;1059860;1,1;65;59;63;58;25;2;0
Ariados;90;3840;70;90;70;800000;1,1;70;60;70;40;33,5;2;0
Politoed;75;5120;70;45;75;1059860;1,1;90;90;100;70;33,9;2;0
Gligar;75;5120;70;60;105;1059860;1,1;65;35;65;85;64,8;2;0
Piloswine;100;5120;70;75;80;1250000;1,1;100;60;60;50;55,8;2;0
Donphan;120;5120;70;60;120;1000000;1,1;90;60;60;50;120;2;0
Delcatty;65;3840;70;60;65;800000;1,1;70;55;55;90;32,6;3;0
Spinda;60;3840;70;255;60;800000;1,1;60;60;60;60;5;3;0
Vibrava;70;5120;70;120;50;1059860;1,1;50;50;50;70;15,3;3;0
Altaria;110;5120;70;45;110;600000;1,1;75;110;105;80;20,6;3;0
Crawdaunt;120;3840;70;155;85;1640000;1,1;63;90;55;55;32,8;3;0
Banette;165;6400;35;45;75;800000;1,1;64;93;83;75;12,5;3;0
Sealeo;60;5120;70;120;70;1059860;1,1;90;75;70;45;87,6;3;0
Shelgon;95;10240;35;45;100;1250000;1,1;65;60;50;50;110,5;3;0
Grotle;89;5120;70;45;85;1059860;1,1;75;55;65;36;97;4;0
Floatzel;105;5120;70;75;55;1000000;1,1;85;85;50;115;33,5;4;0
Weavile;120;5120;35;45;65;1059860;1,1;70;45;85;125;34;4;0
Watchog;85;5120;70;255;69;1000000;1,1;60;60;69;77;27;5;0
Liepard;88;5120;70;90;50;1000000;1,1;64;88;50;106;37,5;5;0
Simisage;98;5120;70;75;63;1000000;1,1;75;98;63;101;30,5;5;0
Musharna;55;2560;70;75;85;800000;1,1;116;107;95;29;60,5;5;0
Audino;60;5120;70;255;126;800000;1,1;103;80;126;50;31;5;0
Lilligant;60;5120;70;75;75;1000000;1,1;70;110;75;90;16,3;5;0
Scrafty;90;3840;70;90;115;1000000;1,1;65;45;115;58;30;5;0
Vanillish;65;5120;70;120;65;1250000;1,1;51;80;75;59;41;5;0
Cryogonal;50;6400;70;25;50;1000000;1,1;80;95;135;105;148;5;0
Larvesta;85;10240;70;45;55;1250000;1,1;55;50;55;60;28,8;5;0
Florges;65;5120;70;45;68;1000000;1,1;78;112;154;75;10;6;0
Toucannon;120;3840;70;45;75;1000000;1,1;80;75;75;60;26;7;0
Fearow;90;3840;70;90;65;1000000;1,2;65;61;61;100;38;1;0
Vileplume;80;5120;70;45;85;1059860;1,2;75;110;90;50;18,6;1;0
Slowpoke;65;5120;70;190;65;1000000;1,2;90;40;40;15;36;1;0
Electrode;50;5120;70;60;70;1000000;1,2;60;80;80;150;66,6;1;0
Lickitung;55;5120;70;45;75;1000000;1,2;90;60;75;30;65,5;1;0
Weezing;90;5120;70;60;120;1000000;1,2;65;85;70;60;9,5;1;0
Seadra;65;5120;70;75;95;1000000;1,2;55;95;45;85;25;1;0
Bayleef;62;5120;70;45;80;1059860;1,2;60;63;80;60;15,8;2;0
Lanturn;58;5120;70;75;58;1250000;1,2;125;76;76;67;22,5;2;0
Sudowoodo;100;5120;70;65;115;1000000;1,2;70;30;65;30;38;2;0
Yanma;65;5120;70;75;45;1000000;1,2;65;75;45;95;38;2;0
Forretress;90;5120;70;75;140;1000000;1,2;75;60;60;40;125,8;2;0
Smeargle;20;5120;70;45;35;800000;1,2;55;20;45;75;58;2;0
Miltank;80;5120;70;45;105;1250000;1,2;95;40;70;100;75,5;2;0
Pupitar;84;10240;35;45;70;1250000;1,2;70;65;70;51;152;2;0
Dustox;50;3840;70;45;70;1000000;1,2;60;50;90;65;31,6;3;0
Lombre;50;3840;70;120;50;1059860;1,2;60;60;70;50;32,5;3;0
Pelipper;50;5120;70;45;100;1000000;1,2;60;95;70;65;28;3;0
Breloom;130;3840;70;90;80;1640000;1,2;60;60;60;70;39,2;3;0
Solrock;95;6400;70;45;85;800000;1,2;90;55;65;70;154;3;0
Absol;150;6400;35;30;60;1059860;1,2;65;115;60;115;47;3;0
Metang;75;10240;35;3;100;1250000;1,2;60;55;80;50;202,5;3;0
Infernape;104;5120;70;45;71;1059860;1,2;76;104;71;108;55;4;0
Staraptor;120;3840;70;45;70;1059860;1,2;85;50;60;100;24,9;4;0
Vespiquen;80;3840;70;45;102;1059860;1,2;70;80;102;40;38,5;4;0
Ambipom;100;5120;100;45;66;800000;1,2;75;60;66;115;20,3;4;0
Drifblim;80;7680;70;60;44;1640000;1,2;150;90;54;80;15;4;0
Lopunny;136;5120;140;60;94;1000000;1,2;65;54;96;135;33,3;4;0
Lucario;145;6400;70;45;88;1059860;1,2;70;140;70;112;54;4;0
Lumineon;69;5120;70;75;76;600000;1,2;69;69;86;91;24;4;0
Magnezone;70;5120;70;30;115;1000000;1,2;70;130;90;60;180;4;0
Stoutland;110;3840;70;45;90;1059860;1,2;85;45;90;80;61;5;0
Unfezant;115;3840;70;45;80;1059860;1,2;80;65;55;93;29;5;0
Gurdurr;105;5120;70;90;85;1059860;1,2;85;40;50;40;40;5;0
Leavanny;103;3840;70;45;80;1059860;1,2;75;70;80;92;20,5;5;0
Whirlipede;55;3840;70;120;99;1059860;1,2;40;40;79;47;58,5;5;0
Carracosta;108;7680;70;45;133;1000000;1,2;74;83;65;32;81;5;0
Frillish;40;5120;70;190;50;1000000;1,2;55;65;85;40;33;5;0
Alomomola;75;10240;70;75;80;800000;1,2;165;40;45;65;31,6;5;0
Eelektrik;85;5120;70;60;70;1250000;1,2;65;75;70;40;22;5;0
Mandibuzz;65;5120;35;60;105;1250000;1,2;110;55;95;80;39,5;5;0
Talonflame;81;3840;70;45;71;1059860;1,2;78;74;69;126;24,5;6;0
Vivillon;52;3840;70;45;50;1000000;1,2;80;90;50;89;17;6;0
Furfrou;80;5120;70;160;60;1000000;1,2;75;65;90;102;28;6;0
Salazzle;64;5120;70;45;60;1000000;1,2;68;111;60;117;22,2;7;0
Tsareena;120;5120;70;45;98;1059860;1,2;72;50;98;72;21,4;7;0
Hakamo-o;75;10240;70;45;90;1250000;1,2;55;65;70;65;47;7;0
Tapu Lele;85;3840;70;3;75;1250000;1,2;70;130;115;95;18,6;7;1
Nihilego;53;30720;0;45;47;1250000;1,2;109;127;131;103;55,5;7;1
Nidoqueen;92;5120;70;45;87;1059860;1,3;90;75;85;76;60;1;0
Clefable;70;2560;140;25;73;800000;1,3;95;95;90;60;40;1;0
Poliwrath;95;5120;70;45;95;1059860;1,3;90;70;90;70;54;1;0
Kadabra;35;5120;70;100;30;1059860;1,3;40;120;70;105;56,5;1;0
Gastly;35;5120;70;190;30;1059860;1,3;30;100;35;80;,1;1;0
Kingler;130;5120;70;60;115;1000000;1,3;55;50;50;75;60;1;0
Seaking;92;5120;70;60;65;1000000;1,3;80;65;80;68;39;1;0
Mr. Mime;45;6400;70;45;65;1000000;1,3;40;100;120;90;54,5;1;0
Magmar;95;6400;70;45;57;1000000;1,3;65;100;85;93;44,5;1;0
Kabutops;115;7680;70;45;105;1000000;1,3;60;65;70;80;40,5;1;0
Wobbuffet;33;5120;70;45;58;1000000;1,3;190;33;58;33;28,5;2;0
Shiftry;100;3840;70;45;60;1059860;1,3;90;90;60;80;59,6;3;0
Medicham;100;5120;70;90;85;1000000;1,3;60;80;85;100;31,5;3;0
Cacturne;115;5120;35;60;60;1059860;1,3;70;115;60;55;77,4;3;0
Zangoose;115;5120;70;90;60;600000;1,3;73;60;60;90;40,3;3;0
Bastiodon;52;7680;70;45;168;600000;1,3;60;47;138;30;149,5;4;0
Bronzong;89;5120;70;90;116;1000000;1,3;67;79;116;33;187;4;0
Drapion;90;5120;70;45;110;1250000;1,3;70;60;75;95;61,5;4;0
Toxicroak;106;5120;70;75;65;1000000;1,3;83;86;65;85;44,4;4;0
Froslass;80;5120;70;75;70;1000000;1,3;70;80;70;110;26,6;4;0
Throh;100;5120;70;45;85;1000000;1,3;120;30;85;45;55,5;5;0
Darmanitan;30;5120;70;60;105;1059860;1,3;105;140;105;55;92,9;5;0
Swanna;87;5120;70;45;63;1000000;1,3;75;87;63;98;24,2;5;0
Vanilluxe;95;5120;70;45;85;1250000;1,3;71;110;95;79;57,5;5;0
Barbaracle;105;5120;70;45;115;1000000;1,3;72;54;86;68;96;6;0
Clawitzer;73;3840;70;55;88;1250000;1,3;71;120;89;59;35,3;6;0
Amaura;59;7680;70;45;50;1000000;1,3;77;67;63;46;25,2;6;0
Palossand;75;3840;70;60;110;1000000;1,3;85;100;75;35;250;7;0
Tapu Fini;75;3840;70;3;115;1250000;1,3;70;95;130;85;21,2;7;1
Nidoking;102;5120;70;45;77;1059860;1,4;81;85;75;85;62;1;0
Doduo;85;5120;70;190;45;1000000;1,4;35;35;35;75;39,2;1;0
Hitmonchan;105;6400;70;45;79;1000000;1,4;50;35;110;76;50,2;1;0
Jynx;50;6400;70;45;35;1000000;1,4;65;115;95;95;40,6;1;0
Tauros;100;5120;70;45;95;1250000;1,4;75;40;70;110;88,4;1;0
Ledian;35;3840;70;90;50;800000;1,4;55;55;110;85;35,6;2;0
Ampharos;95;5120;70;45;105;1059860;1,4;90;165;110;45;61,5;2;0
Quagsire;85;5120;70;90;85;1000000;1,4;95;65;65;35;75;2;0
Granbull;120;5120;70;75;75;800000;1,4;90;60;60;45;48,7;2;0
Houndoom;90;5120;35;45;90;1250000;1,4;75;140;90;115;35;2;0
Stantler;95;5120;70;45;62;1250000;1,4;73;85;65;85;71,2;2;0
Hitmontop;95;6400;70;45;95;1000000;1,4;50;35;110;70;48;2;0
Vigoroth;80;3840;70;120;80;1250000;1,4;80;55;55;90;46,5;3;0
Walrein;80;5120;70;45;90;1059860;1,4;110;95;90;65;150,6;3;0
Latias;100;30720;90;3;120;1250000;1,4;80;140;150;110;40;3;1
Luxray;120;5120;70;45;79;1059860;1,4;80;95;79;70;42;4;0
Gabite;90;10240;70;45;65;1250000;1,4;68;50;55;82;56;4;0
Carnivine;100;6400;70;200;72;1250000;1,4;74;90;72;46;27;4;0
Probopass;55;5120;70;60;145;1000000;1,4;60;75;150;40;340;4;0
Conkeldurr;140;5120;70;45;95;1059860;1,4;105;55;65;45;87;5;0
Sawk;125;5120;70;45;75;1000000;1,4;75;30;75;85;51;5;0
Crustle;105;5120;70;75;125;1000000;1,4;70;65;75;45;200;5;0
Sigilyph;58;5120;70;45;80;1000000;1,4;72;103;80;97;14;5;0
Archeops;140;7680;70;45;65;1000000;1,4;75;112;65;110;32;5;0
Mienshao;125;6400;70;45;60;1059860;1,4;65;95;60;105;35,5;5;0
Heatmor;97;5120;70;90;66;1000000;1,4;85;105;66;65;58;5;0
Zweilous;85;10240;35;45;70;1250000;1,4;72;65;70;58;50;5;0
Keldeo;72;20480;35;3;90;1250000;1,4;91;129;90;108;48,5;5;1
Pidgeot;80;3840;70;45;80;1059860;1,5;83;135;80;121;39,5;1;0
Venomoth;65;5120;70;75;60;1000000;1,5;70;90;75;90;12,5;1;0
Alakazam;50;5120;70;50;65;1059860;1,5;55;175;105;150;48;1;0
Machoke;100;5120;70;90;70;1059860;1,5;80;50;60;45;70,5;1;0
Cloyster;95;5120;70;60;180;1250000;1,5;50;85;45;70;132,5;1;0
Gengar;65;5120;70;45;80;1059860;1,5;60;170;95;130;40,5;1;0
Hitmonlee;120;6400;70;45;53;1000000;1,5;50;35;110;87;49,8;1;0
Scyther;110;6400;70;45;80;1000000;1,5;70;55;80;105;56;1;0
Pinsir;155;6400;70;45;120;1250000;1,5;65;65;90;105;55;1;0
Xatu;75;5120;70;75;70;1000000;1,5;65;95;70;95;15;2;0
Girafarig;80;5120;70;60;65;1000000;1,5;70;90;65;85;41,5;2;0
Dunsparce;70;5120;70;190;70;1000000;1,5;100;65;65;45;14;2;0
Heracross;185;6400;70;45;115;1250000;1,5;80;40;105;75;54;2;0
Blissey;10;10240;140;30;10;800000;1,5;255;75;135;55;46,8;2;0
Swampert;150;5120;70;45;110;1059860;1,5;100;95;110;70;81,9;3;0
Ludicolo;70;3840;70;45;70;1059860;1,5;80;90;100;70;55;3;0
Exploud;91;5120;70;45;63;1059860;1,5;104;91;73;68;84;3;0
Manectric;75;5120;70;45;80;1250000;1,5;70;135;80;135;40,2;3;0
Claydol;70;5120;70;90;105;1000000;1,5;60;70;120;75;108;3;0
Cradily;81;7680;70;45;97;600000;1,5;86;81;107;43;60,4;3;0
Armaldo;125;7680;70;45;100;600000;1,5;75;70;80;45;68,2;3;0
Glalie;120;5120;70;75;80;1000000;1,5;80;120;80;100;256,5;3;0
Salamence;145;10240;35;45;130;1250000;1,5;95;120;90;120;102,6;3;0
Togekiss;50;2560;70;30;95;800000;1,5;85;120;115;80;38;4;0
Cresselia;70;30720;100;3;120;1250000;1,5;120;75;130;85;85,6;4;1
Darkrai;90;30720;0;3;90;1250000;1,5;70;135;90;125;50,5;4;1
Samurott;100;5120;70;45;85;1059860;1,5;95;108;70;70;94,6;5;0
Seismitoad;95;5120;70;45;75;1059860;1,5;105;85;75;74;62;5;0
Krookodile;117;5120;70;45;80;1059860;1,5;95;65;70;92;96,3;5;0
Gothitelle;55;5120;70;50;95;1059860;1,5;70;95;110;65;44;5;0
Braviary;123;5120;70;60;75;1250000;1,5;100;57;75;80;41;5;0
Tornadus;100;30720;90;3;80;1250000;1,5;79;110;90;121;63;5;1
Thundurus;105;30720;90;3;70;1250000;1,5;79;145;80;101;61;5;1
Landorus;145;30720;90;3;90;1250000;1,5;89;105;80;91;68;5;1
Genesect;120;30720;0;3;95;1250000;1,5;71;120;95;99;82,5;5;1
Delphox;69;5120;70;45;72;1059860;1,5;75;114;100;104;39;6;0
Greninja;145;5120;70;45;67;1059860;1,5;72;153;71;132;40;6;0
Pyroar;68;5120;70;65;72;1059860;1,5;86;109;66;106;81,5;6;0
Malamar;92;5120;70;80;88;1000000;1,5;86;68;75;73;47;6;0
Trevenant;110;5120;70;60;76;1000000;1,5;85;65;82;56;71;6;0
Noivern;70;5120;70;45;80;1000000;1,5;85;97;80;123;85;6;0
Vikavolt;70;3840;70;45;90;1000000;1,5;77;145;75;43;45;7;0
Oranguru;60;5120;70;45;80;1250000;1,5;90;90;110;60;76;7;0
Blastoise;103;5120;70;45;120;1059860;1,6;79;135;115;78;85,5;1;0
Golbat;80;3840;70;90;70;1000000;1,6;75;65;75;90;55;1;0
Machamp;130;5120;70;45;80;1059860;1,6;90;65;85;55;130;1;0
Tentacruel;70;5120;70;60;65;1250000;1,6;80;80;120;100;55;1;0
Slowbro;75;5120;70;75;180;1000000;1,6;95;130;80;30;78,5;1;0
Haunter;50;5120;70;90;45;1059860;1,6;45;115;55;95;,1;1;0
Hypno;73;5120;70;75;70;1000000;1,6;85;73;115;67;75,6;1;0
Zapdos;90;20480;35;3;85;1250000;1,6;90;125;90;100;52,6;1;1
Noctowl;50;3840;70;90;50;1000000;1,6;100;86;96;70;40,8;2;0
Gardevoir;85;5120;35;45;65;1250000;1,6;68;165;135;100;48,4;3;0
Dusclops;70;6400;35;90;130;800000;1,6;40;60;130;25;30,6;3;0
Metagross;145;10240;35;3;150;1250000;1,6;80;105;110;110;550;3;0
Rampardos;165;7680;70;45;60;600000;1,6;97;65;50;58;102,5;4;0
Magmortar;95;6400;70;30;67;1000000;1,6;75;125;95;83;68;4;0
Gallade;165;5120;35;45;95;1250000;1,6;68;65;115;110;52;4;0
Emboar;123;5120;70;45;65;1059860;1,6;110;100;65;65;150;5;0
Zebstrika;100;5120;70;75;63;1000000;1,6;75;80;63;116;79,5;5;0
Zoroark;105;5120;70;45;60;1059860;1,6;60;120;60;105;81,1;5;0
Druddigon;120;7680;70;45;90;1000000;1,6;77;60;90;48;139;5;0
Bisharp;125;5120;35;45;100;1000000;1,6;65;60;70;70;70;5;0
Bouffalant;110;5120;70;45;95;1000000;1,6;95;40;95;55;94,6;5;0
Volcarona;60;10240;70;15;65;1250000;1,6;85;135;105;100;46;5;0
Chesnaught;107;5120;70;45;122;1059860;1,6;88;74;75;64;90;6;0
Decidueye;107;3840;70;45;75;1059860;1,6;78;100;100;70;36,6;7;0
Kommo-o;110;10240;70;45;125;1250000;1,6;75;100;105;85;78,2;7;0
Charizard;104;5120;70;45;78;1059860;1,7;78;159;115;100;90,5;1;0
Golduck;82;5120;70;75;78;1000000;1,7;80;95;80;85;76,6;1;0
Victreebel;105;5120;70;45;65;1059860;1,7;80;100;70;70;15,5;1;0
Rapidash;100;5120;70;60;70;1000000;1,7;65;80;80;105;95;1;0
Dewgong;70;5120;70;75;80;1000000;1,7;90;70;95;70;120;1;0
Articuno;85;20480;35;3;100;1250000;1,7;90;95;125;85;55,4;1;1
Typhlosion;84;5120;70;45;78;1059860;1,7;78;109;85;100;79,5;2;0
Skarmory;80;6400;70;25;140;1250000;1,7;65;40;70;70;50,5;2;0
Sceptile;110;5120;70;45;75;1059860;1,7;70;145;85;145;52,2;3;0
Swalot;73;5120;70;75;83;1640000;1,7;100;73;83;55;80;3;0
Huntail;104;5120;70;60;105;600000;1,7;55;94;75;52;27;3;0
Regirock;100;20480;35;3;200;1250000;1,7;80;50;100;50;230;3;1
Deoxys;95;30720;0;3;90;1250000;1,7;50;95;90;180;60,8;3;1
Empoleon;86;5120;70;45;88;1059860;1,7;84;111;101;60;84,5;4;0
Lickilicky;85;5120;70;30;95;1000000;1,7;110;80;95;50;140;4;0
Heatran;90;2560;100;3;106;1250000;1,7;91;130;106;77;430;4;1
Gigalith;135;3840;70;45;130;1059860;1,7;85;60;80;25;260;5;0
Cofagrigus;50;6400;70;90;145;1000000;1,7;58;95;105;30;76,5;5;0
Gogoat;100;5120;70;45;62;1000000;1,7;123;97;81;68;91;6;0
Aegislash;150;5120;70;45;50;1000000;1,7;60;150;50;60;53;6;0
Gourgeist;100;5120;70;60;122;1000000;1,7;85;58;75;54;39;6;0
Volcanion;110;30720;100;3;120;1250000;1,7;80;130;90;70;195;6;1
Crabominable;132;5120;70;60;77;1000000;1,7;97;62;67;43;180;7;0
Dodrio;110;5120;70;45;70;1000000;1,8;60;60;60;110;85,2;1;0
Aerodactyl;135;8960;70;45;85;1250000;1,8;80;70;95;150;59;1;0
Dratini;64;10240;35;45;45;1250000;1,8;41;50;50;50;3,3;1;0
Meganium;82;5120;70;45;100;1059860;1,8;80;83;100;80;100,5;2;0
Furret;76;3840;70;90;64;1000000;1,8;85;45;55;90;32,5;2;0
Crobat;90;3840;70;90;80;1000000;1,8;85;70;80;130;75;2;0
Scizor;150;6400;70;25;140;1000000;1,8;70;65;100;75;118;2;0
Ursaring;130;5120;70;60;75;1000000;1,8;90;75;75;55;125,8;2;0
Kingdra;95;5120;70;45;95;1000000;1,8;75;95;95;85;152;2;0
Sharpedo;140;5120;35;60;70;1250000;1,8;70;110;65;105;88,8;3;0
Gorebyss;84;5120;70;60;105;600000;1,8;55;114;75;52;22,6;3;0
Regice;50;20480;35;3;100;1250000;1,8;80;100;200;50;175;3;1
Electivire;123;6400;70;30;67;1000000;1,8;75;95;85;95;138,6;4;0
Haxorus;147;10240;35;45;90;1250000;1,8;76;60;70;97;105,5;5;0
Hydreigon;105;10240;35;45;90;1250000;1,8;92;125;90;98;160;5;0
Dragalge;75;5120;70;55;90;1000000;1,8;65;97;123;44;81,5;6;0
Incineroar;115;3840;70;45;90;1059860;1,8;95;80;90;60;83;7;0
Primarina;74;3840;70;45;74;1059860;1,8;80;126;116;60;44;7;0
Araquanid;70;3840;70;100;92;1000000;1,8;68;50;132;42;82;7;0
Tapu Koko;115;3840;70;3;85;1250000;1,8;70;95;75;130;20,5;7;1
Pheromosa;137;30720;0;255;37;1250000;1,8;71;137;37;151;25;7;1
Arcanine;110;5120;70;75;80;1250000;1,9;90;100;80;95;155;1;0
Rhydon;130;5120;70;60;120;1250000;1,9;105;45;45;40;120;1;0
Raikou;85;20480;35;3;75;1250000;1,9;90;115;100;115;178;2;1
Blaziken;160;5120;70;45;80;1059860;1,9;80;130;80;100;52;3;0
Camerupt;120;5120;70;150;100;1000000;1,9;70;145;105;20;220;3;0
Registeel;75;20480;35;3;150;1250000;1,9;80;75;150;50;205;3;1
Garchomp;170;10240;70;45;115;1250000;1,9;108;120;95;92;95;4;0
Yanmega;76;5120;70;30;86;1000000;1,9;86;116;56;95;51,5;4;0
Garbodor;95;5120;70;60;82;1000000;1,9;80;60;82;75;107,3;5;0
Sawsbuck;100;5120;70;75;70;1000000;1,9;80;60;70;95;92,5;5;0
Terrakion;129;20480;35;3;90;1250000;1,9;91;72;90;108;260;5;1
Type: Null;95;30720;0;3;95;1250000;1,9;95;95;95;59;120,5;7;0
Tapu Bulu;130;3840;70;3;115;1250000;1,9;70;85;95;75;45,5;7;1
Venusaur;100;5120;70;45;123;1059860;2;80;122;120;80;100;1;0
Ekans;60;5120;70;255;44;1000000;2;35;40;54;55;6,9;1;0
Moltres;100;20480;35;3;90;1250000;2;90;125;85;90;60;1;1
Mewtwo;150;30720;0;3;70;1250000;2;106;194;120;140;122;1;1
Slowking;75;5120;70;70;80;1000000;2;95;100;110;30;79,5;2;0
Suicune;75;20480;35;3;115;1250000;2;100;90;115;85;187;2;1
Tyranitar;164;10240;35;45;150;1250000;2;100;95;120;71;202;2;0
Slaking;160;3840;70;45;100;1250000;2;150;95;65;100;130,5;3;0
Wailmer;70;10240;70;125;35;1640000;2;130;70;35;60;130;3;0
Flygon;100;5120;70;45;80;1059860;2;80;80;80;100;82;3;0
Tropius;68;6400;70;200;83;1250000;2;99;72;87;51;100;3;0
Latios;130;30720;90;3;100;1250000;2;80;160;120;110;60;3;1
Hippowdon;112;7680;70;60;118;1250000;2;108;68;72;47;300;4;0
Tangrowth;100;5120;70;30;125;1000000;2;100;110;50;50;128,6;4;0
Gliscor;95;5120;70;30;125;1059860;2;75;45;75;95;42,5;4;0
Virizion;90;20480;35;3;72;1250000;2;91;90;129;108;200;5;1
Goodra;100;10240;35;45;70;1250000;2;90;110;150;80;150,5;6;0
Avalugg;117;5120;70;55;184;1000000;2;95;44;46;28;505;6;0
Passimian;120;5120;70;45;90;1250000;2;100;40;60;80;82,8;7;0
Golisopod;125;5120;70;45;140;1000000;2;75;60;90;40;108;7;0
Turtonator;78;5120;70;70;135;1000000;2;60;91;85;36;212;7;0
Snorlax;110;10240;70;25;65;1250000;2,1;160;65;110;30;460;1;0
Mantine;40;6400;70;25;70;1250000;2,1;85;80;140;70;220;2;0
Entei;115;20480;35;3;85;1250000;2,1;115;90;75;100;198;2;1
Aggron;140;8960;35;45;230;1250000;2,1;70;60;80;50;360;3;0
Eelektross;115;5120;70;30;80;1250000;2,1;85;105;80;50;80,5;5;0
Cobalion;90;20480;35;3;129;1250000;2,1;91;90;72;108;250;5;1
Pangoro;124;6400;70;65;78;1000000;2,1;95;69;71;58;136;6;0
Bewear;125;3840;70;70;80;1000000;2,1;120;55;60;60;135;7;0
Kangaskhan;125;5120;70;45;100;1000000;2,2;105;60;100;100;80;1;0
Dragonite;134;10240;35;45;95;1250000;2,2;91;100;100;80;210;1;0
Torterra;109;5120;70;45;105;1059860;2,2;95;75;85;56;310;4;0
Abomasnow;132;5120;70;60;105;1250000;2,2;90;132;105;30;135,5;4;0
Dusknoir;100;6400;35;45;135;800000;2,2;45;65;135;45;106,6;4;0
Jellicent;60;5120;70;60;70;1000000;2,2;100;85;105;60;135;5;0
Feraligatr;105;5120;70;45;100;1059860;2,3;85;79;83;78;88,8;2;0
Hariyama;120;5120;70;200;60;1640000;2,3;144;40;60;50;253,8;3;0
Silvally;95;30720;0;3;95;1250000;2,3;95;95;95;95;100,5;7;0
Rhyperior;140;5120;70;30;130;1250000;2,4;115;55;55;40;282,8;4;0
Buzzwole;139;30720;0;25;139;1250000;2,4;107;53;53;79;333,6;7;1
Necrozma;107;30720;0;3;101;1250000;2,4;97;127;89;79;230;7;1
Lapras;85;10240;70;45;80;1250000;2,5;130;85;95;60;220;1;0
Mamoswine;130;5120;70;50;80;1250000;2,5;110;70;60;80;291;4;0
Scolipede;100;5120;70;45;89;1059860;2,5;60;55;69;112;200,5;5;0
Tyrantrum;121;7680;70;45;119;1000000;2,5;82;69;59;71;270;6;0
Mudsdale;125;5120;70;60;100;1000000;2,5;100;55;85;35;920;7;0
Beartic;130;5120;70;60;80;1000000;2,6;95;70;80;50;260;5;0
Seviper;100;5120;70;90;60;1640000;2,7;73;100;60;65;52,5;3;0
Aurorus;77;7680;70;45;72;1000000;2,7;123;99;92;58;225;6;0
Golurk;124;6400;70;90;80;1000000;2,8;89;55;80;55;330;5;0
Zekrom;150;30720;0;3;120;1250000;2,9;100;120;100;90;345;5;1
Kyurem;120;30720;0;3;90;1250000;3;125;170;100;95;325;5;1
Xerneas;131;30720;0;45;95;1250000;3;126;131;98;99;215;6;1
Drampa;60;5120;70;70;85;1000000;3;78;135;91;36;185;7;0
Arceus;120;30720;0;3;120;1250000;3,2;120;120;120;120;320;4;1
Reshiram;120;30720;0;3;100;1250000;3,2;100;150;120;90;330;5;1
Serperior;75;5120;70;45;95;1059860;3,3;75;75;95;113;63;5;0
Solgaleo;137;30720;0;45;107;1250000;3,4;137;113;89;97;230;7;1
Arbok;95;5120;70;90;69;1000000;3,5;60;65;79;80;65;1;0
Groudon;180;30720;0;3;160;1250000;3,5;100;150;90;90;950;3;1
Regigigas;160;30720;0;3;110;1250000;3,7;110;80;110;100;420;4;1
Ho-Oh;130;30720;0;3;90;1250000;3,8;106;110;154;90;199;2;1
Xurkitree;89;30720;0;30;71;1250000;3,8;83;173;71;83;100;7;1
Dhelmise;131;6400;70;25;100;1000000;3,9;70;86;90;40;210;7;0
Dragonair;84;10240;35;45;65;1250000;4;61;70;70;70;16,5;1;0
Lunala;113;30720;0;45;89;1250000;4;137;137;107;97;120;7;1
Palkia;120;30720;0;3;100;1250000;4,2;90;150;120;100;336;4;1
Kyogre;150;30720;0;3;90;1250000;4,5;100;180;160;90;352;3;1
Giratina;120;30720;0;3;100;1250000;4,5;150;120;100;90;750;4;1
Zygarde;100;30720;0;3;121;1250000;5;216;91;95;85;284,6;6;1
Lugia;90;30720;0;3;130;1250000;5,2;106;90;154;110;216;2;1
Dialga;120;30720;0;3;120;1250000;5,4;100;150;100;90;683;4;1
Guzzlord;101;30720;0;15;53;1250000;5,5;223;97;53;43;888;7;1
Yveltal;131;30720;0;45;95;1250000;5,8;126;131;98;99;203;6;1
Milotic;60;5120;70;60;79;600000;6,2;95;100;125;81;162;3;0
Gyarados;155;1280;70;45;109;1250000;6,5;95;70;130;81;235;1;0
Rayquaza;180;30720;0;45;100;1250000;7;105;180;100;115;206,5;3;1
Onix;45;6400;70;45;160;1000000;8,8;35;30;45;70;210;1;0
Steelix;125;6400;70;25;230;1000000;9,2;75;55;95;30;400;2;0
Celesteela;101;30720;0;25;103;1250000;9,2;97;107;101;61;999,9;7;1
Wailord;90;10240;70;60;45;1640000;14,5;170;90;45;60;398;3;0
